{
  "askcliStatesVersion": "2020-03-31",
  "profiles": {
    "default": {
      "skillId": "amzn1.ask.skill.7fe107f9-7a87-4a37-b8b5-e2bad5ed7dbd",
      "skillInfrastructure": {
        "@ask-cli/hosted-skill-deployer": {
          "deployState": {
            "repository": {
              "type": "GIT",
              "url": "https://git-codecommit.us-east-1.amazonaws.com/v1/repos/7fe107f9-7a87-4a37-b8b5-e2bad5ed7dbd"
            },
            "runtime": "nodejs10.x"
          }
        }
      }
    }
  }
}